bri,mired,watt
1,153,1.02
1,163,1.02
1,173,1.0
1,183,1.06
1,193,1.05
1,203,1.1
1,213,1.07
1,223,1.12
1,233,1.02
1,243,1.11
1,253,1.06
1,263,1.1
1,273,1.06
1,283,1.11
1,293,1.13
1,303,1.07
1,313,1.07
1,323,1.11
1,333,1.09
1,343,1.05
1,353,1.05
1,363,1.03
1,373,1.11
1,383,1.08
1,393,1.1
1,403,1.12
1,413,1.13
1,423,1.09
1,433,1.12
1,443,1.07
1,453,1.11
1,463,1.14
1,473,1.13
1,483,1.04
1,493,1.08
1,500,1.1
6,153,1.23
6,163,1.11
6,173,1.19
6,183,1.14
6,193,1.23
6,203,1.22
6,213,1.21
6,223,1.1
6,233,1.1
6,243,1.16
6,253,1.26
6,263,1.18
6,273,1.24
6,283,1.21
6,293,1.22
6,303,1.21
6,313,1.17
6,323,1.24
6,333,1.19
6,343,1.26
6,353,1.18
6,363,1.23
6,373,1.27
6,383,1.28
6,393,1.18
6,403,1.29
6,413,1.18
6,423,1.27
6,433,1.22
6,443,1.26
6,453,1.19
6,463,1.19
6,473,1.27
6,483,1.29
6,493,1.16
6,500,1.26
11,153,1.35
11,163,1.24
11,173,1.28
11,183,1.29
11,193,1.28
11,203,1.33
11,213,1.28
11,223,1.34
11,233,1.41
11,243,1.35
11,253,1.36
11,263,1.35
11,273,1.37
11,283,1.36
11,293,1.36
11,303,1.39
11,313,1.42
11,323,1.37
11,333,1.4
11,343,1.32
11,353,1.29
11,363,1.32
11,373,1.26
11,383,1.32
11,393,1.37
11,403,1.32
11,413,1.29
11,423,1.35
11,433,1.36
11,443,1.36
11,453,1.33
11,463,1.33
11,473,1.38
11,483,1.32
11,493,1.3
11,500,1.28
16,153,1.42
16,163,1.34
16,173,1.45
16,183,1.49
16,193,1.44
16,203,1.38
16,213,1.36
16,223,1.46
16,233,1.43
16,243,1.46
16,253,1.4
16,263,1.44
16,273,1.49
16,283,1.37
16,293,1.48
16,303,1.53
16,313,1.48
16,323,1.44
16,333,1.4
16,343,1.52
16,353,1.48
16,363,1.45
16,373,1.38
16,383,1.38
16,393,1.48
16,403,1.45
16,413,1.37
16,423,1.45
16,433,1.38
16,443,1.44
16,453,1.39
16,463,1.43
16,473,1.51
16,483,1.41
16,493,1.48
16,500,1.4
21,153,1.46
21,163,1.56
21,173,1.55
21,183,1.51
21,193,1.47
21,203,1.52
21,213,1.49
21,223,1.49
21,233,1.51
21,243,1.38
21,253,1.55
21,263,1.46
21,273,1.38
21,283,1.41
21,293,1.42
21,303,1.48
21,313,1.52
21,323,1.46
21,333,1.48
21,343,1.53
21,353,1.46
21,363,1.48
21,373,1.54
21,383,1.55
21,393,1.5
21,403,1.52
21,413,1.54
21,423,1.52
21,433,1.56
21,443,1.54
21,453,1.57
21,463,1.49
21,473,1.59
21,483,1.51
21,493,1.55
21,500,1.58
26,153,1.64
26,163,1.65
26,173,1.6
26,183,1.55
26,193,1.64
26,203,1.67
26,213,1.67
26,223,1.7
26,233,1.7
26,243,1.61
26,253,1.72
26,263,1.66
26,273,1.66
26,283,1.7
26,293,1.67
26,303,1.7
26,313,1.73
26,323,1.73
26,333,1.74
26,343,1.75
26,353,1.79
26,363,1.74
26,373,1.7
26,383,1.68
26,393,1.71
26,403,1.71
26,413,1.68
26,423,1.79
26,433,1.7
26,443,1.73
26,453,1.68
26,463,1.62
26,473,1.62
26,483,1.77
26,493,1.65
26,500,1.69
31,153,1.8
31,163,1.75
31,173,1.72
31,183,1.71
31,193,1.73
31,203,1.66
31,213,1.74
31,223,1.65
31,233,1.69
31,243,1.59
31,253,1.67
31,263,1.76
31,273,1.82
31,283,1.79
31,293,1.76
31,303,1.78
31,313,1.75
31,323,1.78
31,333,1.81
31,343,1.86
31,353,1.88
31,363,1.79
31,373,1.84
31,383,1.85
31,393,1.84
31,403,1.81
31,413,1.83
31,423,1.79
31,433,1.77
31,443,1.77
31,453,1.83
31,463,1.76
31,473,1.72
31,483,1.81
31,493,1.81
31,500,1.83
36,153,1.86
36,163,1.9
36,173,1.91
36,183,1.9
36,193,1.93
36,203,1.88
36,213,1.9
36,223,1.86
36,233,1.92
36,243,1.88
36,253,1.94
36,263,1.97
36,273,1.94
36,283,1.96
36,293,1.88
36,303,1.91
36,313,1.95
36,323,1.93
36,333,1.92
36,343,1.95
36,353,1.92
36,363,1.93
36,373,1.94
36,383,1.97
36,393,1.93
36,403,1.94
36,413,1.96
36,423,1.94
36,433,1.91
36,443,1.94
36,453,1.93
36,463,1.97
36,473,1.82
36,483,1.91
36,493,1.94
36,500,1.94
41,153,1.95
41,163,1.99
41,173,1.96
41,183,2.0
41,193,1.83
41,203,1.89
41,213,1.95
41,223,1.94
41,233,1.95
41,243,1.83
41,253,1.92
41,263,1.89
41,273,1.89
41,283,1.83
41,293,1.88
41,303,1.85
41,313,1.87
41,323,1.9
41,333,1.9
41,343,1.96
41,353,1.91
41,363,1.9
41,373,1.98
41,383,2.01
41,393,1.92
41,403,2.01
41,413,1.98
41,423,1.98
41,433,2.03
41,443,2.0
41,453,2.03
41,463,2.04
41,473,2.05
41,483,2.01
41,493,2.04
41,500,2.06
46,153,2.19
46,163,2.08
46,173,2.14
46,183,2.11
46,193,2.14
46,203,1.96
46,213,2.01
46,223,2.05
46,233,1.99
46,243,2.01
46,253,1.99
46,263,1.94
46,273,1.97
46,283,1.96
46,293,2.05
46,303,1.99
46,313,2.06
46,323,2.08
46,333,2.0
46,343,2.05
46,353,2.06
46,363,2.19
46,373,2.09
46,383,2.17
46,393,2.13
46,403,2.11
46,413,2.1
46,423,2.12
46,433,2.16
46,443,2.2
46,453,2.12
46,463,2.1
46,473,2.1
46,483,2.13
46,493,2.16
46,500,2.13
51,153,2.22
51,163,2.26
51,173,2.19
51,183,2.19
51,193,2.17
51,203,2.17
51,213,2.13
51,223,2.15
51,233,2.12
51,243,2.18
51,253,2.15
51,263,2.18
51,273,2.23
51,283,2.33
51,293,2.26
51,303,2.17
51,313,2.25
51,323,2.19
51,333,2.21
51,343,2.3
51,353,2.25
51,363,2.28
51,373,2.32
51,383,2.17
51,393,2.32
51,403,2.29
51,413,2.28
51,423,2.3
51,433,2.22
51,443,2.26
51,453,2.26
51,463,2.26
51,473,2.3
51,483,2.29
51,493,2.24
51,500,2.33
56,153,2.38
56,163,2.36
56,173,2.37
56,183,2.4
56,193,2.43
56,203,2.4
56,213,2.39
56,223,2.4
56,233,2.39
56,243,2.37
56,253,2.44
56,263,2.42
56,273,2.48
56,283,2.42
56,293,2.37
56,303,2.33
56,313,2.35
56,323,2.43
56,333,2.44
56,343,2.47
56,353,2.39
56,363,2.45
56,373,2.44
56,383,2.43
56,393,2.39
56,403,2.54
56,413,2.4
56,423,2.49
56,433,2.41
56,443,2.4
56,453,2.33
56,463,2.45
56,473,2.43
56,483,2.36
56,493,2.33
56,500,2.37
61,153,2.52
61,163,2.46
61,173,2.52
61,183,2.42
61,193,2.47
61,203,2.45
61,213,2.53
61,223,2.57
61,233,2.45
61,243,2.49
61,253,2.53
61,263,2.5
61,273,2.51
61,283,2.55
61,293,2.53
61,303,2.52
61,313,2.44
61,323,2.51
61,333,2.55
61,343,2.5
61,353,2.54
61,363,2.61
61,373,2.59
61,383,2.54
61,393,2.56
61,403,2.54
61,413,2.59
61,423,2.59
61,433,2.58
61,443,2.49
61,453,2.51
61,463,2.45
61,473,2.45
61,483,2.49
61,493,2.45
61,500,2.51
66,153,2.64
66,163,2.55
66,173,2.57
66,183,2.57
66,193,2.52
66,203,2.46
66,213,2.42
66,223,2.5
66,233,2.44
66,243,2.49
66,253,2.39
66,263,2.4
66,273,2.48
66,283,2.35
66,293,2.43
66,303,2.33
66,313,2.31
66,323,2.22
66,333,2.32
66,343,2.29
66,353,2.34
66,363,2.41
66,373,2.42
66,383,2.39
66,393,2.48
66,403,2.47
66,413,2.42
66,423,2.47
66,433,2.54
66,443,2.49
66,453,2.5
66,463,2.58
66,473,2.63
66,483,2.64
66,493,2.62
66,500,2.63
71,153,2.7
71,163,2.77
71,173,2.78
71,183,2.75
71,193,2.72
71,203,2.74
71,213,2.76
71,223,2.73
71,233,2.7
71,243,2.77
71,253,2.75
71,263,2.79
71,273,2.75
71,283,2.8
71,293,2.75
71,303,2.79
71,313,2.73
71,323,2.81
71,333,2.79
71,343,2.8
71,353,2.83
71,363,2.82
71,373,2.82
71,383,2.76
71,393,2.75
71,403,2.79
71,413,2.77
71,423,2.79
71,433,2.77
71,443,2.79
71,453,2.76
71,463,2.76
71,473,2.77
71,483,2.71
71,493,2.74
71,500,2.79
76,153,2.86
76,163,2.85
76,173,2.8
76,183,2.89
76,193,2.86
76,203,2.89
76,213,2.86
76,223,2.83
76,233,2.87
76,243,2.88
76,253,2.91
76,263,2.86
76,273,2.93
76,283,2.85
76,293,2.91
76,303,2.9
76,313,2.8
76,323,2.91
76,333,2.86
76,343,2.84
76,353,2.84
76,363,2.8
76,373,2.73
76,383,2.78
76,393,2.68
76,403,2.7
76,413,2.68
76,423,2.82
76,433,2.67
76,443,2.72
76,453,2.86
76,463,2.76
76,473,2.86
76,483,2.78
76,493,2.88
76,500,2.82
81,153,2.93
81,163,2.9
81,173,3.0
81,183,2.95
81,193,2.96
81,203,2.94
81,213,3.03
81,223,2.99
81,233,3.0
81,243,2.98
81,253,3.02
81,263,3.02
81,273,3.0
81,283,3.01
81,293,3.02
81,303,3.04
81,313,3.04
81,323,3.03
81,333,2.96
81,343,3.02
81,353,2.95
81,363,3.0
81,373,2.97
81,383,3.02
81,393,3.01
81,403,3.02
81,413,3.06
81,423,3.0
81,433,3.0
81,443,3.03
81,453,3.05
81,463,3.08
81,473,2.9
81,483,3.0
81,493,2.93
81,500,2.94
86,153,3.08
86,163,3.02
86,173,2.97
86,183,3.06
86,193,3.03
86,203,3.01
86,213,3.0
86,223,2.86
86,233,2.87
86,243,2.96
86,253,2.93
86,263,2.91
86,273,2.81
86,283,2.8
86,293,2.81
86,303,2.75
86,313,2.74
86,323,2.66
86,333,2.76
86,343,2.72
86,353,2.77
86,363,2.74
86,373,2.74
86,383,2.82
86,393,2.89
86,403,2.93
86,413,2.87
86,423,2.91
86,433,2.9
86,443,3.03
86,453,2.96
86,463,2.96
86,473,3.07
86,483,3.05
86,493,3.12
86,500,3.04
91,153,3.17
91,163,3.2
91,173,3.26
91,183,3.21
91,193,3.22
91,203,3.22
91,213,3.21
91,223,3.24
91,233,3.19
91,243,3.25
91,253,3.25
91,263,3.19
91,273,3.24
91,283,3.17
91,293,3.24
91,303,3.27
91,313,3.22
91,323,3.28
91,333,3.28
91,343,3.24
91,353,3.24
91,363,3.2
91,373,3.23
91,383,3.14
91,393,3.24
91,403,3.12
91,413,3.1
91,423,3.15
91,433,3.14
91,443,3.12
91,453,3.11
91,463,3.13
91,473,3.23
91,483,3.23
91,493,3.25
91,500,3.24
96,153,3.39
96,163,3.25
96,173,3.31
96,183,3.22
96,193,3.31
96,203,3.31
96,213,3.34
96,223,3.3
96,233,3.37
96,243,3.36
96,253,3.38
96,263,3.27
96,273,3.3
96,283,3.34
96,293,3.3
96,303,3.31
96,313,3.33
96,323,3.31
96,333,3.31
96,343,3.35
96,353,3.26
96,363,3.43
96,373,3.34
96,383,3.34
96,393,3.39
96,403,3.27
96,413,3.26
96,423,3.26
96,433,3.25
96,443,3.24
96,453,3.21
96,463,3.26
96,473,3.32
96,483,3.3
96,493,3.31
96,500,3.35
101,153,3.5
101,163,3.42
101,173,3.43
101,183,3.41
101,193,3.39
101,203,3.35
101,213,3.3
101,223,3.31
101,233,3.23
101,243,3.21
101,253,3.22
101,263,3.11
101,273,3.15
101,283,3.09
101,293,3.08
101,303,3.07
101,313,3.06
101,323,3.05
101,333,3.05
101,343,3.09
101,353,3.15
101,363,3.21
101,373,3.17
101,383,3.18
101,393,3.18
101,403,3.25
101,413,3.28
101,423,3.33
101,433,3.33
101,443,3.37
101,453,3.44
101,463,3.41
101,473,3.36
101,483,3.46
101,493,3.61
101,500,3.45
106,153,3.52
106,163,3.54
106,173,3.58
106,183,3.59
106,193,3.56
106,203,3.66
106,213,3.59
106,223,3.56
106,233,3.54
106,243,3.6
106,253,3.56
106,263,3.55
106,273,3.59
106,283,3.58
106,293,3.53
106,303,3.58
106,313,3.59
106,323,3.62
106,333,3.64
106,343,3.63
106,353,3.63
106,363,3.58
106,373,3.58
106,383,3.63
106,393,3.6
106,403,3.65
106,413,3.53
106,423,3.57
106,433,3.48
106,443,3.48
106,453,3.53
106,463,3.53
106,473,3.53
106,483,3.56
106,493,3.57
106,500,3.6
111,153,3.62
111,163,3.63
111,173,3.62
111,183,3.54
111,193,3.5
111,203,3.48
111,213,3.5
111,223,3.46
111,233,3.52
111,243,3.39
111,253,3.39
111,263,3.38
111,273,3.37
111,283,3.37
111,293,3.44
111,303,3.42
111,313,3.42
111,323,3.45
111,333,3.5
111,343,3.54
111,353,3.5
111,363,3.56
111,373,3.58
111,383,3.62
111,393,3.62
111,403,3.8
111,413,3.7
111,423,3.7
111,433,3.69
111,443,3.73
111,453,3.69
111,463,3.68
111,473,3.62
111,483,3.69
111,493,3.72
111,500,3.7
116,153,3.79
116,163,3.78
116,173,3.72
116,183,3.69
116,193,3.65
116,203,3.67
116,213,3.7
116,223,3.78
116,233,3.82
116,243,3.81
116,253,3.82
116,263,3.76
116,273,3.76
116,283,3.86
116,293,3.81
116,303,3.76
116,313,3.77
116,323,3.78
116,333,3.82
116,343,3.84
116,353,3.83
116,363,3.9
116,373,3.82
116,383,3.88
116,393,3.75
116,403,3.88
116,413,3.82
116,423,3.86
116,433,3.91
116,443,3.88
116,453,3.89
116,463,3.87
116,473,3.83
116,483,3.87
116,493,3.85
116,500,3.79
121,153,3.93
121,163,3.94
121,173,3.92
121,183,3.93
121,193,3.89
121,203,3.93
121,213,3.86
121,223,3.93
121,233,3.92
121,243,3.98
121,253,3.92
121,263,3.96
121,273,3.94
121,283,3.84
121,293,3.82
121,303,3.82
121,313,3.79
121,323,3.78
121,333,3.7
121,343,3.78
121,353,3.67
121,363,3.72
121,373,3.68
121,383,3.58
121,393,3.65
121,403,3.65
121,413,3.68
121,423,3.77
121,433,3.75
121,443,3.72
121,453,3.85
121,463,3.86
121,473,3.91
121,483,3.86
121,493,3.97
121,500,3.9
126,153,4.04
126,163,3.95
126,173,4.0
126,183,3.9
126,193,3.87
126,203,3.87
126,213,3.81
126,223,3.84
126,233,3.82
126,243,3.84
126,253,3.71
126,263,3.74
126,273,3.67
126,283,3.68
126,293,3.59
126,303,3.61
126,313,3.64
126,323,3.69
126,333,3.71
126,343,3.74
126,353,3.74
126,363,3.77
126,373,3.76
126,383,3.86
126,393,3.85
126,403,3.92
126,413,3.91
126,423,4.04
126,433,4.0
126,443,4.03
126,453,4.07
126,463,4.13
126,473,4.12
126,483,4.12
126,493,4.12
126,500,4.07
131,153,4.07
131,163,4.18
131,173,4.2
131,183,4.13
131,193,4.19
131,203,4.21
131,213,4.14
131,223,4.11
131,233,4.18
131,243,4.17
131,253,4.12
131,263,4.21
131,273,4.18
131,283,4.23
131,293,4.21
131,303,4.11
131,313,4.17
131,323,4.13
131,333,4.19
131,343,4.06
131,353,4.02
131,363,3.99
131,373,3.98
131,383,3.95
131,393,3.93
131,403,3.95
131,413,3.9
131,423,4.0
131,433,3.92
131,443,3.98
131,453,4.07
131,463,4.11
131,473,4.11
131,483,4.09
131,493,4.22
131,500,4.18
136,153,4.28
136,163,4.24
136,173,4.2
136,183,4.16
136,193,4.17
136,203,4.14
136,213,4.2
136,223,4.21
136,233,4.34
136,243,4.28
136,253,4.3
136,263,4.29
136,273,4.32
136,283,4.26
136,293,4.27
136,303,4.29
136,313,4.3
136,323,4.3
136,333,4.42
136,343,4.3
136,353,4.38
136,363,4.25
136,373,4.34
136,383,4.32
136,393,4.36
136,403,4.38
136,413,4.41
136,423,4.35
136,433,4.33
136,443,4.33
136,453,4.34
136,463,4.34
136,473,4.31
136,483,4.26
136,493,4.29
136,500,4.38
141,153,4.35
141,163,4.41
141,173,4.42
141,183,4.27
141,193,4.3
141,203,4.28
141,213,4.33
141,223,4.43
141,233,4.44
141,243,4.4
141,253,4.36
141,263,4.36
141,273,4.42
141,283,4.42
141,293,4.38
141,303,4.39
141,313,4.45
141,323,4.44
141,333,4.49
141,343,4.49
141,353,4.46
141,363,4.38
141,373,4.47
141,383,4.44
141,393,4.51
141,403,4.39
141,413,4.44
141,423,4.47
141,433,4.42
141,443,4.4
141,453,4.43
141,463,4.42
141,473,4.37
141,483,4.39
141,493,4.44
141,500,4.39
146,153,4.51
146,163,4.46
146,173,4.42
146,183,4.47
146,193,4.38
146,203,4.34
146,213,4.32
146,223,4.26
146,233,4.31
146,243,4.39
146,253,4.38
146,263,4.4
146,273,4.45
146,283,4.46
146,293,4.47
146,303,4.53
146,313,4.57
146,323,4.5
146,333,4.54
146,343,4.52
146,353,4.52
146,363,4.56
146,373,4.54
146,383,4.53
146,393,4.57
146,403,4.59
146,413,4.65
146,423,4.61
146,433,4.57
146,443,4.6
146,453,4.63
146,463,4.52
146,473,4.56
146,483,4.61
146,493,4.59
146,500,4.57
151,153,4.52
151,163,4.62
151,173,4.59
151,183,4.5
151,193,4.48
151,203,4.46
151,213,4.38
151,223,4.31
151,233,4.37
151,243,4.3
151,253,4.31
151,263,4.24
151,273,4.24
151,283,4.19
151,293,4.14
151,303,4.07
151,313,4.18
151,323,4.2
151,333,4.19
151,343,4.28
151,353,4.29
151,363,4.39
151,373,4.34
151,383,4.42
151,393,4.48
151,403,4.56
151,413,4.53
151,423,4.55
151,433,4.64
151,443,4.67
151,453,4.64
151,463,4.63
151,473,4.69
151,483,4.66
151,493,4.69
151,500,4.74
156,153,4.77
156,163,4.77
156,173,4.77
156,183,4.74
156,193,4.71
156,203,4.86
156,213,4.78
156,223,4.76
156,233,4.77
156,243,4.69
156,253,4.68
156,263,4.66
156,273,4.56
156,283,4.54
156,293,4.58
156,303,4.48
156,313,4.52
156,323,4.46
156,333,4.38
156,343,4.45
156,353,4.31
156,363,4.36
156,373,4.34
156,383,4.29
156,393,4.4
156,403,4.42
156,413,4.45
156,423,4.49
156,433,4.49
156,443,4.56
156,453,4.58
156,463,4.61
156,473,4.7
156,483,4.77
156,493,4.78
156,500,4.81
161,153,4.91
161,163,4.86
161,173,4.89
161,183,4.84
161,193,4.82
161,203,4.79
161,213,4.78
161,223,4.75
161,233,4.7
161,243,4.62
161,253,4.59
161,263,4.56
161,273,4.57
161,283,4.51
161,293,4.47
161,303,4.38
161,313,4.45
161,323,4.35
161,333,4.33
161,343,4.33
161,353,4.38
161,363,4.44
161,373,4.49
161,383,4.47
161,393,4.51
161,403,4.57
161,413,4.58
161,423,4.61
161,433,4.66
161,443,4.69
161,453,4.67
161,463,4.77
161,473,4.82
161,483,4.85
161,493,4.9
161,500,4.92
166,153,4.99
166,163,4.96
166,173,5.04
166,183,4.97
166,193,5.0
166,203,5.03
166,213,5.08
166,223,4.99
166,233,5.02
166,243,4.93
166,253,4.98
166,263,4.92
166,273,4.9
166,283,4.94
166,293,4.87
166,303,4.88
166,313,4.75
166,323,4.76
166,333,4.71
166,343,4.73
166,353,4.72
166,363,4.58
166,373,4.57
166,383,4.59
166,393,4.72
166,403,4.6
166,413,4.68
166,423,4.76
166,433,4.81
166,443,4.82
166,453,4.8
166,463,4.96
166,473,4.95
166,483,5.01
166,493,5.07
166,500,5.08
171,153,5.1
171,163,5.09
171,173,5.09
171,183,5.12
171,193,5.13
171,203,5.16
171,213,5.12
171,223,5.11
171,233,5.08
171,243,5.09
171,253,5.12
171,263,5.13
171,273,5.12
171,283,5.03
171,293,5.0
171,303,4.91
171,313,4.91
171,323,4.85
171,333,4.9
171,343,4.87
171,353,4.79
171,363,4.71
171,373,4.69
171,383,4.67
171,393,4.74
171,403,4.72
171,413,4.86
171,423,4.89
171,433,4.92
171,443,4.97
171,453,4.96
171,463,5.11
171,473,5.08
171,483,5.04
171,493,5.2
171,500,5.09
176,153,5.31
176,163,5.23
176,173,5.28
176,183,5.26
176,193,5.16
176,203,5.16
176,213,5.17
176,223,5.02
176,233,5.11
176,243,4.93
176,253,4.93
176,263,4.87
176,273,4.83
176,283,4.86
176,293,4.75
176,303,4.71
176,313,4.65
176,323,4.63
176,333,4.69
176,343,4.67
176,353,4.73
176,363,4.82
176,373,4.81
176,383,4.82
176,393,4.83
176,403,4.88
176,413,4.94
176,423,4.98
176,433,5.02
176,443,4.99
176,453,5.13
176,463,5.11
176,473,5.18
176,483,5.18
176,493,5.29
176,500,5.2
181,153,5.25
181,163,5.38
181,173,5.47
181,183,5.38
181,193,5.38
181,203,5.35
181,213,5.31
181,223,5.27
181,233,5.22
181,243,5.17
181,253,5.23
181,263,5.21
181,273,5.09
181,283,5.02
181,293,5.09
181,303,5.0
181,313,4.98
181,323,4.97
181,333,4.79
181,343,4.87
181,353,4.79
181,363,4.82
181,373,4.95
181,383,4.86
181,393,4.94
181,403,5.05
181,413,5.0
181,423,5.07
181,433,5.12
181,443,5.12
181,453,5.21
181,463,5.32
181,473,5.38
181,483,5.38
181,493,5.44
181,500,5.44
186,153,5.55
186,163,5.45
186,173,5.43
186,183,5.53
186,193,5.5
186,203,5.5
186,213,5.46
186,223,5.49
186,233,5.49
186,243,5.47
186,253,5.56
186,263,5.45
186,273,5.39
186,283,5.3
186,293,5.35
186,303,5.3
186,313,5.25
186,323,5.16
186,333,5.19
186,343,5.08
186,353,5.09
186,363,5.09
186,373,4.98
186,383,5.0
186,393,5.11
186,403,5.11
186,413,5.18
186,423,5.26
186,433,5.23
186,443,5.32
186,453,5.34
186,463,5.39
186,473,5.47
186,483,5.49
186,493,5.46
186,500,5.56
191,153,5.56
191,163,5.56
191,173,5.65
191,183,5.6
191,193,5.63
191,203,5.59
191,213,5.61
191,223,5.58
191,233,5.53
191,243,5.59
191,253,5.45
191,263,5.46
191,273,5.42
191,283,5.34
191,293,5.34
191,303,5.24
191,313,5.21
191,323,5.27
191,333,5.14
191,343,5.15
191,353,5.02
191,363,5.0
191,373,5.1
191,383,5.1
191,393,5.17
191,403,5.26
191,413,5.29
191,423,5.26
191,433,5.34
191,443,5.42
191,453,5.5
191,463,5.52
191,473,5.59
191,483,5.61
191,493,5.64
191,500,5.74
196,153,5.71
196,163,5.63
196,173,5.69
196,183,5.59
196,193,5.52
196,203,5.5
196,213,5.49
196,223,5.44
196,233,5.25
196,243,5.29
196,253,5.3
196,263,5.26
196,273,5.14
196,283,5.17
196,293,5.14
196,303,5.2
196,313,5.31
196,323,5.38
196,333,5.37
196,343,5.49
196,353,5.57
196,363,5.55
196,373,5.58
196,383,5.65
196,393,5.68
196,403,5.72
196,413,5.86
196,423,5.8
196,433,5.82
196,443,5.75
196,453,5.81
196,463,5.78
196,473,5.77
196,483,5.78
196,493,5.79
196,500,5.78
201,153,5.77
201,163,5.78
201,173,5.86
201,183,5.83
201,193,5.79
201,203,5.78
201,213,5.73
201,223,5.55
201,233,5.61
201,243,5.54
201,253,5.54
201,263,5.53
201,273,5.38
201,283,5.36
201,293,5.38
201,303,5.36
201,313,5.28
201,323,5.19
201,333,5.19
201,343,5.17
201,353,5.25
201,363,5.29
201,373,5.26
201,383,5.39
201,393,5.32
201,403,5.45
201,413,5.46
201,423,5.55
201,433,5.64
201,443,5.71
201,453,5.69
201,463,5.68
201,473,5.88
201,483,5.89
201,493,5.94
201,500,5.9
206,153,5.96
206,163,5.92
206,173,5.87
206,183,5.88
206,193,5.75
206,203,5.78
206,213,5.68
206,223,5.71
206,233,5.63
206,243,5.53
206,253,5.52
206,263,5.45
206,273,5.49
206,283,5.52
206,293,5.56
206,303,5.64
206,313,5.7
206,323,5.69
206,333,5.78
206,343,5.9
206,353,5.94
206,363,5.94
206,373,6.0
206,383,5.99
206,393,5.99
206,403,6.06
206,413,6.11
206,423,6.0
206,433,6.01
206,443,6.03
206,453,6.05
206,463,6.01
206,473,5.89
206,483,6.03
206,493,5.99
206,500,6.03
211,153,6.09
211,163,6.07
211,173,6.04
211,183,6.14
211,193,6.06
211,203,6.11
211,213,6.01
211,223,5.93
211,233,5.89
211,243,5.79
211,253,5.85
211,263,5.75
211,273,5.76
211,283,5.76
211,293,5.6
211,303,5.52
211,313,5.56
211,323,5.48
211,333,5.48
211,343,5.45
211,353,5.44
211,363,5.5
211,373,5.5
211,383,5.61
211,393,5.69
211,403,5.57
211,413,5.76
211,423,5.81
211,433,5.82
211,443,5.86
211,453,5.92
211,463,5.95
211,473,6.0
211,483,6.1
211,493,6.11
211,500,6.14
216,153,6.2
216,163,6.14
216,173,6.15
216,183,6.15
216,193,6.22
216,203,6.13
216,213,6.14
216,223,6.13
216,233,6.22
216,243,6.2
216,253,6.13
216,263,6.09
216,273,6.1
216,283,6.01
216,293,5.96
216,303,5.96
216,313,5.9
216,323,5.9
216,333,5.85
216,343,5.81
216,353,5.75
216,363,5.61
216,373,5.7
216,383,5.7
216,393,5.78
216,403,5.86
216,413,5.8
216,423,5.86
216,433,5.87
216,443,6.0
216,453,6.08
216,463,6.15
216,473,6.14
216,483,6.21
216,493,6.27
216,500,6.39
221,153,6.25
221,163,6.25
221,173,6.33
221,183,6.33
221,193,6.3
221,203,6.37
221,213,6.25
221,223,6.23
221,233,6.17
221,243,6.16
221,253,6.09
221,263,6.12
221,273,6.0
221,283,6.0
221,293,5.96
221,303,5.85
221,313,5.89
221,323,5.78
221,333,5.76
221,343,5.72
221,353,5.79
221,363,5.79
221,373,5.79
221,383,5.79
221,393,5.85
221,403,5.9
221,413,5.9
221,423,5.98
221,433,6.03
221,443,6.15
221,453,6.28
221,463,6.23
221,473,6.23
221,483,6.33
221,493,6.44
221,500,6.39
226,153,6.43
226,163,6.46
226,173,6.35
226,183,6.26
226,193,6.27
226,203,6.13
226,213,6.28
226,223,6.38
226,233,6.4
226,243,6.51
226,253,6.45
226,263,6.45
226,273,6.49
226,283,6.45
226,293,6.41
226,303,6.4
226,313,6.33
226,323,6.3
226,333,6.22
226,343,6.13
226,353,6.09
226,363,6.15
226,373,6.03
226,383,6.04
226,393,6.05
226,403,5.99
226,413,6.02
226,423,6.17
226,433,6.2
226,443,6.25
226,453,6.27
226,463,6.32
226,473,6.41
226,483,6.43
226,493,6.49
226,500,6.57
231,153,6.6
231,163,6.46
231,173,6.49
231,183,6.41
231,193,6.34
231,203,6.25
231,213,6.25
231,223,6.26
231,233,6.14
231,243,6.1
231,253,6.09
231,263,5.99
231,273,6.04
231,283,5.93
231,293,5.84
231,303,5.89
231,313,5.78
231,323,5.67
231,333,5.64
231,343,5.75
231,353,5.89
231,363,5.98
231,373,5.97
231,383,6.05
231,393,6.0
231,403,6.1
231,413,6.12
231,423,6.29
231,433,6.32
231,443,6.39
231,453,6.46
231,463,6.46
231,473,6.55
231,483,6.6
231,493,6.7
231,500,6.62
236,153,6.55
236,163,6.6
236,173,6.56
236,183,6.58
236,193,6.48
236,203,6.42
236,213,6.37
236,223,6.44
236,233,6.47
236,243,6.52
236,253,6.57
236,263,6.58
236,273,6.67
236,283,6.75
236,293,6.66
236,303,6.67
236,313,6.72
236,323,6.62
236,333,6.54
236,343,6.47
236,353,6.55
236,363,6.39
236,373,6.33
236,383,6.31
236,393,6.2
236,403,6.22
236,413,6.28
236,423,6.37
236,433,6.39
236,443,6.45
236,453,6.52
236,463,6.62
236,473,6.64
236,483,6.67
236,493,6.75
236,500,6.76
241,153,6.79
241,163,6.81
241,173,6.72
241,183,6.67
241,193,6.65
241,203,6.47
241,213,6.46
241,223,6.45
241,233,6.46
241,243,6.31
241,253,6.34
241,263,6.23
241,273,6.24
241,283,6.1
241,293,6.04
241,303,6.02
241,313,6.02
241,323,6.02
241,333,6.19
241,343,6.1
241,353,6.25
241,363,6.36
241,373,6.32
241,383,6.46
241,393,6.46
241,403,6.51
241,413,6.65
241,423,6.56
241,433,6.71
241,443,6.78
241,453,6.83
241,463,6.83
241,473,6.94
241,483,6.88
241,493,6.89
241,500,6.92
246,153,6.94
246,163,6.84
246,173,6.91
246,183,6.8
246,193,6.72
246,203,6.7
246,213,6.59
246,223,6.59
246,233,6.55
246,243,6.49
246,253,6.45
246,263,6.4
246,273,6.29
246,283,6.2
246,293,6.2
246,303,6.19
246,313,6.18
246,323,6.11
246,333,6.06
246,343,6.17
246,353,6.19
246,363,6.32
246,373,6.28
246,383,6.4
246,393,6.4
246,403,6.51
246,413,6.56
246,423,6.62
246,433,6.63
246,443,6.78
246,453,6.73
246,463,6.84
246,473,6.92
246,483,6.93
246,493,7.01
246,500,6.96
251,153,7.06
251,163,7.07
251,173,6.95
251,183,6.88
251,193,6.84
251,203,6.82
251,213,6.77
251,223,6.68
251,233,6.66
251,243,6.53
251,253,6.54
251,263,6.51
251,273,6.47
251,283,6.54
251,293,6.58
251,303,6.66
251,313,6.65
251,323,6.67
251,333,6.85
251,343,6.84
251,353,6.94
251,363,6.93
251,373,7.04
251,383,6.99
251,393,7.05
251,403,7.1
251,413,7.0
251,423,6.87
251,433,6.89
251,443,6.9
251,453,6.91
251,463,6.9
251,473,7.02
251,483,7.01
251,493,7.16
251,500,7.15
255,153,7.11
255,163,7.01
255,173,7.09
255,183,7.0
255,193,7.04
255,203,7.09
255,213,7.14
255,223,6.99
255,233,7.01
255,243,6.96
255,253,6.92
255,263,6.82
255,273,6.87
255,283,6.76
255,293,6.75
255,303,6.66
255,313,6.57
255,323,6.53
255,333,6.46
255,343,6.48
255,353,6.36
255,363,6.43
255,373,6.58
255,383,6.55
255,393,6.68
255,403,6.69
255,413,6.72
255,423,6.83
255,433,6.86
255,443,6.96
255,453,7.03
255,463,7.04
255,473,7.11
255,483,7.18
255,493,7.15
255,500,7.15
