bri,hue,sat,watt
1,1,1,0.36
1,2732,1,0.36
1,5463,1,0.39
1,8194,1,0.42
1,10925,1,0.16
1,13656,1,0.42
1,16387,1,0.2
1,19118,1,0.36
1,21849,1,0.39
1,24580,1,0.37
1,27311,1,0.44
1,30042,1,0.42
1,32773,1,0.39
1,35504,1,0.37
1,38235,1,0.38
1,40966,1,0.39
1,43697,1,0.35
1,46428,1,0.42
1,49159,1,0.33
1,51890,1,0.4
1,54621,1,0.37
1,57352,1,0.18
1,60083,1,0.37
1,62814,1,0.37
1,65535,1,0.43
1,1,33,0.44
1,2732,33,0.34
1,5463,33,0.34
1,8194,33,0.16
1,10925,33,0.4
1,13656,33,0.37
1,16387,33,0.38
1,19118,33,0.38
1,21849,33,0.34
1,24580,33,0.33
1,27311,33,0.39
1,30042,33,0.37
1,32773,33,0.39
1,35504,33,0.33
1,38235,33,0.32
1,40966,33,0.33
1,43697,33,0.4
1,46428,33,0.36
1,49159,33,0.21
1,51890,33,0.36
1,54621,33,0.29
1,57352,33,0.41
1,60083,33,0.39
1,62814,33,0.39
1,65535,33,0.39
1,1,65,0.2
1,2732,65,0.34
1,5463,65,0.4
1,8194,65,0.33
1,10925,65,0.37
1,13656,65,0.4
1,16387,65,0.37
1,19118,65,0.34
1,21849,65,0.35
1,24580,65,0.34
1,27311,65,0.29
1,30042,65,0.42
1,32773,65,0.33
1,35504,65,0.36
1,38235,65,0.41
1,40966,65,0.34
1,43697,65,0.44
1,46428,65,0.33
1,49159,65,0.33
1,51890,65,0.31
1,54621,65,0.35
1,57352,65,0.2
1,60083,65,0.36
1,62814,65,0.19
1,65535,65,0.17
1,1,97,0.16
1,2732,97,0.33
1,5463,97,0.39
1,8194,97,0.36
1,10925,97,0.42
1,13656,97,0.39
1,16387,97,0.34
1,19118,97,0.39
1,21849,97,0.39
1,24580,97,0.32
1,27311,97,0.34
1,30042,97,0.39
1,32773,97,0.41
1,35504,97,0.3
1,38235,97,0.42
1,40966,97,0.41
1,43697,97,0.39
1,46428,97,0.45
1,49159,97,0.3
1,51890,97,0.17
1,54621,97,0.39
1,57352,97,0.36
1,60083,97,0.37
1,62814,97,0.5
1,65535,97,0.41
1,1,129,0.35
1,2732,129,0.32
1,5463,129,0.16
1,8194,129,0.39
1,10925,129,0.41
1,13656,129,0.41
1,16387,129,0.38
1,19118,129,0.45
1,21849,129,0.4
1,24580,129,0.36
1,27311,129,0.34
1,30042,129,0.31
1,32773,129,0.39
1,35504,129,0.37
1,38235,129,0.39
1,40966,129,0.38
1,43697,129,0.34
1,46428,129,0.35
1,49159,129,0.32
1,51890,129,0.38
1,54621,129,0.33
1,57352,129,0.36
1,60083,129,0.35
1,62814,129,0.37
1,65535,129,0.39
1,1,161,0.34
1,2732,161,0.45
1,5463,161,0.38
1,8194,161,0.36
1,10925,161,0.41
1,13656,161,0.38
1,16387,161,0.38
1,19118,161,0.38
1,21849,161,0.39
1,24580,161,0.34
1,27311,161,0.33
1,30042,161,0.38
1,32773,161,0.39
1,35504,161,0.4
1,38235,161,0.38
1,40966,161,0.14
1,43697,161,0.31
1,46428,161,0.39
1,49159,161,0.2
1,51890,161,0.38
1,54621,161,0.37
1,57352,161,0.36
1,60083,161,0.34
1,62814,161,0.3
1,65535,161,0.18
1,1,193,0.39
1,2732,193,0.37
1,5463,193,0.22
1,8194,193,0.35
1,10925,193,0.34
1,13656,193,0.34
1,16387,193,0.39
1,19118,193,0.39
1,21849,193,0.14
1,24580,193,0.38
1,27311,193,0.38
1,30042,193,0.34
1,32773,193,0.4
1,35504,193,0.4
1,38235,193,0.35
1,40966,193,0.38
1,43697,193,0.43
1,46428,193,0.29
1,49159,193,0.35
1,51890,193,0.32
1,54621,193,0.37
1,57352,193,0.35
1,60083,193,0.35
1,62814,193,0.37
1,65535,193,0.39
1,1,225,0.31
1,2732,225,0.35
1,5463,225,0.36
1,8194,225,0.41
1,10925,225,0.38
1,13656,225,0.37
1,16387,225,0.36
1,19118,225,0.42
1,21849,225,0.39
1,24580,225,0.42
1,27311,225,0.33
1,30042,225,0.42
1,32773,225,0.36
1,35504,225,0.34
1,38235,225,0.35
1,40966,225,0.39
1,43697,225,0.38
1,46428,225,0.37
1,49159,225,0.35
1,51890,225,0.34
1,54621,225,0.36
1,57352,225,0.38
1,60083,225,0.41
1,62814,225,0.39
1,65535,225,0.33
1,1,255,0.36
1,2732,255,0.33
1,5463,255,0.34
1,8194,255,0.35
1,10925,255,0.39
1,13656,255,0.37
1,16387,255,0.38
1,19118,255,0.42
1,21849,255,0.31
1,24580,255,0.29
1,27311,255,0.35
1,30042,255,0.43
1,32773,255,0.39
1,35504,255,0.17
1,38235,255,0.4
1,40966,255,0.39
1,43697,255,0.44
1,46428,255,0.33
1,49159,255,0.19
1,51890,255,0.38
1,54621,255,0.41
1,57352,255,0.38
1,60083,255,0.2
1,62814,255,0.4
1,65535,255,0.38
33,1,1,1.24
33,2732,1,1.33
33,5463,1,1.33
33,8194,1,1.35
33,10925,1,1.3
33,13656,1,1.38
33,16387,1,1.24
33,19118,1,1.32
33,21849,1,1.23
33,24580,1,1.31
33,27311,1,1.37
33,30042,1,1.25
33,32773,1,1.27
33,35504,1,1.21
33,38235,1,1.29
33,40966,1,1.27
33,43697,1,1.25
33,46428,1,1.24
33,49159,1,1.32
33,51890,1,1.31
33,54621,1,1.32
33,57352,1,1.37
33,60083,1,1.26
33,62814,1,1.4
33,65535,1,1.31
33,1,33,1.19
33,2732,33,1.22
33,5463,33,1.26
33,8194,33,1.24
33,10925,33,1.27
33,13656,33,1.32
33,16387,33,1.23
33,19118,33,1.21
33,21849,33,1.18
33,24580,33,1.21
33,27311,33,1.2
33,30042,33,1.28
33,32773,33,1.24
33,35504,33,1.22
33,38235,33,1.17
33,40966,33,1.17
33,43697,33,1.14
33,46428,33,1.17
33,49159,33,1.18
33,51890,33,1.24
33,54621,33,1.29
33,57352,33,1.27
33,60083,33,1.23
33,62814,33,1.21
33,65535,33,1.28
33,1,65,1.08
33,2732,65,1.13
33,5463,65,1.16
33,8194,65,1.17
33,10925,65,1.21
33,13656,65,1.14
33,16387,65,1.1
33,19118,65,1.12
33,21849,65,1.05
33,24580,65,1.11
33,27311,65,1.13
33,30042,65,1.14
33,32773,65,1.18
33,35504,65,1.15
33,38235,65,1.14
33,40966,65,1.08
33,43697,65,1.09
33,46428,65,1.17
33,49159,65,1.16
33,51890,65,1.2
33,54621,65,1.2
33,57352,65,1.17
33,60083,65,1.14
33,62814,65,1.13
33,65535,65,1.11
33,1,97,1.05
33,2732,97,1.11
33,5463,97,1.15
33,8194,97,1.15
33,10925,97,1.2
33,13656,97,1.18
33,16387,97,1.08
33,19118,97,1.03
33,21849,97,0.96
33,24580,97,1.01
33,27311,97,0.99
33,30042,97,1.06
33,32773,97,1.13
33,35504,97,1.05
33,38235,97,1.09
33,40966,97,0.96
33,43697,97,1.0
33,46428,97,1.08
33,49159,97,1.13
33,51890,97,1.11
33,54621,97,1.18
33,57352,97,1.14
33,60083,97,1.14
33,62814,97,1.05
33,65535,97,1.01
33,1,129,1.01
33,2732,129,1.04
33,5463,129,1.09
33,8194,129,1.08
33,10925,129,1.11
33,13656,129,1.04
33,16387,129,1.0
33,19118,129,0.88
33,21849,129,0.88
33,24580,129,0.88
33,27311,129,0.89
33,30042,129,0.99
33,32773,129,1.04
33,35504,129,1.03
33,38235,129,0.96
33,40966,129,0.95
33,43697,129,0.89
33,46428,129,0.93
33,49159,129,1.08
33,51890,129,1.14
33,54621,129,1.13
33,57352,129,1.11
33,60083,129,1.05
33,62814,129,1.04
33,65535,129,1.0
33,1,161,0.99
33,2732,161,0.9
33,5463,161,0.99
33,8194,161,1.15
33,10925,161,1.05
33,13656,161,1.0
33,16387,161,0.95
33,19118,161,0.98
33,21849,161,0.84
33,24580,161,0.76
33,27311,161,0.91
33,30042,161,0.93
33,32773,161,1.04
33,35504,161,0.94
33,38235,161,0.85
33,40966,161,0.83
33,43697,161,0.84
33,46428,161,0.83
33,49159,161,0.93
33,51890,161,1.09
33,54621,161,1.19
33,57352,161,1.09
33,60083,161,1.05
33,62814,161,0.97
33,65535,161,1.02
33,1,193,0.9
33,2732,193,0.89
33,5463,193,0.93
33,8194,193,1.09
33,10925,193,1.04
33,13656,193,0.99
33,16387,193,0.87
33,19118,193,0.72
33,21849,193,0.76
33,24580,193,0.71
33,27311,193,0.79
33,30042,193,0.85
33,32773,193,0.97
33,35504,193,0.87
33,38235,193,0.79
33,40966,193,0.76
33,43697,193,0.75
33,46428,193,0.78
33,49159,193,0.93
33,51890,193,1.01
33,54621,193,1.21
33,57352,193,1.14
33,60083,193,0.95
33,62814,193,0.94
33,65535,193,0.91
33,1,225,0.93
33,2732,225,0.9
33,5463,225,0.93
33,8194,225,0.95
33,10925,225,1.12
33,13656,225,0.95
33,16387,225,0.9
33,19118,225,0.65
33,21849,225,0.68
33,24580,225,0.71
33,27311,225,0.73
33,30042,225,0.79
33,32773,225,0.88
33,35504,225,0.79
33,38235,225,0.69
33,40966,225,0.77
33,43697,225,0.65
33,46428,225,0.82
33,49159,225,0.86
33,51890,225,0.95
33,54621,225,1.08
33,57352,225,1.03
33,60083,225,0.93
33,62814,225,0.91
33,65535,225,0.92
33,1,255,0.95
33,2732,255,0.84
33,5463,255,0.98
33,8194,255,0.97
33,10925,255,1.06
33,13656,255,1.0
33,16387,255,0.83
33,19118,255,0.67
33,21849,255,0.62
33,24580,255,0.62
33,27311,255,0.64
33,30042,255,0.73
33,32773,255,0.88
33,35504,255,0.77
33,38235,255,0.7
33,40966,255,0.61
33,43697,255,0.6
33,46428,255,0.68
33,49159,255,0.79
33,51890,255,0.97
33,54621,255,1.15
33,57352,255,1.11
33,60083,255,0.87
33,62814,255,0.91
33,65535,255,0.94
65,1,1,2.1
65,2732,1,2.11
65,5463,1,2.14
65,8194,1,2.17
65,10925,1,2.17
65,13656,1,2.17
65,16387,1,2.12
65,19118,1,2.17
65,21849,1,2.16
65,24580,1,2.13
65,27311,1,2.19
65,30042,1,2.11
65,32773,1,2.18
65,35504,1,2.09
65,38235,1,2.16
65,40966,1,2.09
65,43697,1,2.08
65,46428,1,2.14
65,49159,1,2.09
65,51890,1,2.13
65,54621,1,2.15
65,57352,1,2.15
65,60083,1,2.17
65,62814,1,2.08
65,65535,1,2.06
65,1,33,2.0
65,2732,33,1.99
65,5463,33,2.0
65,8194,33,2.03
65,10925,33,2.07
65,13656,33,2.09
65,16387,33,2.0
65,19118,33,1.96
65,21849,33,1.96
65,24580,33,1.94
65,27311,33,1.96
65,30042,33,1.97
65,32773,33,2.06
65,35504,33,2.05
65,38235,33,1.98
65,40966,33,1.95
65,43697,33,1.97
65,46428,33,1.89
65,49159,33,2.01
65,51890,33,1.97
65,54621,33,2.1
65,57352,33,2.06
65,60083,33,2.06
65,62814,33,2.01
65,65535,33,2.02
65,1,65,1.84
65,2732,65,1.95
65,5463,65,1.89
65,8194,65,1.94
65,10925,65,2.05
65,13656,65,1.96
65,16387,65,1.83
65,19118,65,1.78
65,21849,65,1.71
65,24580,65,1.73
65,27311,65,1.66
65,30042,65,1.85
65,32773,65,1.93
65,35504,65,1.79
65,38235,65,1.78
65,40966,65,1.73
65,43697,65,1.69
65,46428,65,1.75
65,49159,65,1.91
65,51890,65,1.98
65,54621,65,2.07
65,57352,65,2.02
65,60083,65,1.9
65,62814,65,1.87
65,65535,65,1.84
65,1,97,1.71
65,2732,97,1.74
65,5463,97,1.77
65,8194,97,1.91
65,10925,97,1.88
65,13656,97,1.8
65,16387,97,1.71
65,19118,97,1.64
65,21849,97,1.49
65,24580,97,1.6
65,27311,97,1.61
65,30042,97,1.71
65,32773,97,1.71
65,35504,97,1.7
65,38235,97,1.62
65,40966,97,1.59
65,43697,97,1.57
65,46428,97,1.58
65,49159,97,1.74
65,51890,97,1.87
65,54621,97,1.91
65,57352,97,1.87
65,60083,97,1.81
65,62814,97,1.78
65,65535,97,1.66
65,1,129,1.5
65,2732,129,1.59
65,5463,129,1.66
65,8194,129,1.78
65,10925,129,1.88
65,13656,129,1.69
65,16387,129,1.59
65,19118,129,1.5
65,21849,129,1.34
65,24580,129,1.42
65,27311,129,1.43
65,30042,129,1.49
65,32773,129,1.65
65,35504,129,1.66
65,38235,129,1.45
65,40966,129,1.43
65,43697,129,1.34
65,46428,129,1.5
65,49159,129,1.58
65,51890,129,1.77
65,54621,129,1.91
65,57352,129,1.78
65,60083,129,1.68
65,62814,129,1.7
65,65535,129,1.54
65,1,161,1.4
65,2732,161,1.46
65,5463,161,1.59
65,8194,161,1.64
65,10925,161,1.76
65,13656,161,1.74
65,16387,161,1.49
65,19118,161,1.3
65,21849,161,1.27
65,24580,161,1.28
65,27311,161,1.33
65,30042,161,1.48
65,32773,161,1.58
65,35504,161,1.54
65,38235,161,1.4
65,40966,161,1.39
65,43697,161,1.21
65,46428,161,1.42
65,49159,161,1.53
65,51890,161,1.65
65,54621,161,1.86
65,57352,161,1.68
65,60083,161,1.56
65,62814,161,1.51
65,65535,161,1.39
65,1,193,1.27
65,2732,193,1.46
65,5463,193,1.53
65,8194,193,1.55
65,10925,193,1.7
65,13656,193,1.6
65,16387,193,1.44
65,19118,193,1.27
65,21849,193,1.06
65,24580,193,1.18
65,27311,193,1.28
65,30042,193,1.28
65,32773,193,1.42
65,35504,193,1.42
65,38235,193,1.25
65,40966,193,1.14
65,43697,193,1.09
65,46428,193,1.26
65,49159,193,1.37
65,51890,193,1.55
65,54621,193,1.81
65,57352,193,1.67
65,60083,193,1.5
65,62814,193,1.36
65,65535,193,1.34
65,1,225,1.27
65,2732,225,1.23
65,5463,225,1.45
65,8194,225,1.58
65,10925,225,1.84
65,13656,225,1.45
65,16387,225,1.21
65,19118,225,1.05
65,21849,225,0.99
65,24580,225,1.01
65,27311,225,1.05
65,30042,225,1.17
65,32773,225,1.4
65,35504,225,1.19
65,38235,225,1.14
65,40966,225,1.0
65,43697,225,0.97
65,46428,225,1.12
65,49159,225,1.32
65,51890,225,1.48
65,54621,225,1.72
65,57352,225,1.56
65,60083,225,1.48
65,62814,225,1.31
65,65535,225,1.26
65,1,255,1.21
65,2732,255,1.24
65,5463,255,1.45
65,8194,255,1.47
65,10925,255,1.56
65,13656,255,1.39
65,16387,255,1.2
65,19118,255,0.99
65,21849,255,0.86
65,24580,255,0.86
65,27311,255,1.03
65,30042,255,1.24
65,32773,255,1.35
65,35504,255,1.21
65,38235,255,1.09
65,40966,255,0.92
65,43697,255,0.92
65,46428,255,1.03
65,49159,255,1.27
65,51890,255,1.48
65,54621,255,1.68
65,57352,255,1.51
65,60083,255,1.4
65,62814,255,1.35
65,65535,255,1.26
97,1,1,2.84
97,2732,1,2.95
97,5463,1,2.87
97,8194,1,2.86
97,10925,1,2.86
97,13656,1,2.94
97,16387,1,2.95
97,19118,1,2.89
97,21849,1,2.97
97,24580,1,2.92
97,27311,1,2.96
97,30042,1,2.87
97,32773,1,2.93
97,35504,1,2.94
97,38235,1,2.98
97,40966,1,2.9
97,43697,1,2.85
97,46428,1,2.88
97,49159,1,2.93
97,51890,1,2.91
97,54621,1,2.95
97,57352,1,2.88
97,60083,1,2.88
97,62814,1,2.86
97,65535,1,2.94
97,1,33,2.61
97,2732,33,2.74
97,5463,33,2.66
97,8194,33,2.7
97,10925,33,2.75
97,13656,33,2.77
97,16387,33,2.65
97,19118,33,2.64
97,21849,33,2.54
97,24580,33,2.59
97,27311,33,2.65
97,30042,33,2.67
97,32773,33,2.67
97,35504,33,2.77
97,38235,33,2.68
97,40966,33,2.66
97,43697,33,2.63
97,46428,33,2.66
97,49159,33,2.71
97,51890,33,2.71
97,54621,33,2.78
97,57352,33,2.75
97,60083,33,2.71
97,62814,33,2.62
97,65535,33,2.62
97,1,65,2.4
97,2732,65,2.5
97,5463,65,2.45
97,8194,65,2.53
97,10925,65,2.61
97,13656,65,2.52
97,16387,65,2.42
97,19118,65,2.33
97,21849,65,2.3
97,24580,65,2.3
97,27311,65,2.39
97,30042,65,2.46
97,32773,65,2.63
97,35504,65,2.5
97,38235,65,2.44
97,40966,65,2.43
97,43697,65,2.32
97,46428,65,2.36
97,49159,65,2.46
97,51890,65,2.67
97,54621,65,2.7
97,57352,65,2.66
97,60083,65,2.58
97,62814,65,2.45
97,65535,65,2.43
97,1,97,2.19
97,2732,97,2.3
97,5463,97,2.37
97,8194,97,2.38
97,10925,97,2.5
97,13656,97,2.44
97,16387,97,2.24
97,19118,97,2.13
97,21849,97,2.03
97,24580,97,2.06
97,27311,97,2.13
97,30042,97,2.27
97,32773,97,2.4
97,35504,97,2.27
97,38235,97,2.21
97,40966,97,2.18
97,43697,97,2.04
97,46428,97,2.19
97,49159,97,2.25
97,51890,97,2.43
97,54621,97,2.62
97,57352,97,2.54
97,60083,97,2.4
97,62814,97,2.29
97,65535,97,2.31
97,1,129,2.01
97,2732,129,2.05
97,5463,129,2.18
97,8194,129,2.22
97,10925,129,2.49
97,13656,129,2.27
97,16387,129,2.08
97,19118,129,1.87
97,21849,129,1.76
97,24580,129,1.88
97,27311,129,1.93
97,30042,129,1.99
97,32773,129,2.3
97,35504,129,2.19
97,38235,129,2.03
97,40966,129,1.9
97,43697,129,1.85
97,46428,129,1.96
97,49159,129,2.12
97,51890,129,2.29
97,54621,129,2.52
97,57352,129,2.41
97,60083,129,2.25
97,62814,129,2.1
97,65535,129,2.02
97,1,161,1.8
97,2732,161,1.94
97,5463,161,2.07
97,8194,161,2.26
97,10925,161,2.45
97,13656,161,2.16
97,16387,161,1.91
97,19118,161,1.75
97,21849,161,1.59
97,24580,161,1.7
97,27311,161,1.79
97,30042,161,1.96
97,32773,161,2.17
97,35504,161,2.01
97,38235,161,1.88
97,40966,161,1.74
97,43697,161,1.6
97,46428,161,1.77
97,49159,161,1.97
97,51890,161,2.21
97,54621,161,2.39
97,57352,161,2.28
97,60083,161,2.05
97,62814,161,2.01
97,65535,161,1.83
97,1,193,1.75
97,2732,193,1.8
97,5463,193,1.98
97,8194,193,2.1
97,10925,193,2.38
97,13656,193,2.03
97,16387,193,1.78
97,19118,193,1.57
97,21849,193,1.38
97,24580,193,1.46
97,27311,193,1.65
97,30042,193,1.78
97,32773,193,2.04
97,35504,193,1.89
97,38235,193,1.7
97,40966,193,1.62
97,43697,193,1.47
97,46428,193,1.69
97,49159,193,1.85
97,51890,193,2.12
97,54621,193,2.34
97,57352,193,2.15
97,60083,193,1.97
97,62814,193,1.79
97,65535,193,1.74
97,1,225,1.62
97,2732,225,1.75
97,5463,225,1.82
97,8194,225,2.11
97,10925,225,2.29
97,13656,225,1.88
97,16387,225,1.73
97,19118,225,1.49
97,21849,225,1.27
97,24580,225,1.35
97,27311,225,1.47
97,30042,225,1.62
97,32773,225,1.99
97,35504,225,1.72
97,38235,225,1.56
97,40966,225,1.44
97,43697,225,1.3
97,46428,225,1.55
97,49159,225,1.73
97,51890,225,1.99
97,54621,225,2.24
97,57352,225,2.02
97,60083,225,1.79
97,62814,225,1.8
97,65535,225,1.64
97,1,255,1.61
97,2732,255,1.69
97,5463,255,1.92
97,8194,255,2.08
97,10925,255,2.53
97,13656,255,2.06
97,16387,255,1.66
97,19118,255,1.45
97,21849,255,1.14
97,24580,255,1.2
97,27311,255,1.42
97,30042,255,1.61
97,32773,255,1.96
97,35504,255,1.65
97,38235,255,1.5
97,40966,255,1.35
97,43697,255,1.24
97,46428,255,1.38
97,49159,255,1.57
97,51890,255,2.06
97,54621,255,2.3
97,57352,255,2.02
97,60083,255,1.87
97,62814,255,1.71
97,65535,255,1.58
129,1,1,4.09
129,2732,1,4.19
129,5463,1,4.11
129,8194,1,4.12
129,10925,1,4.23
129,13656,1,4.18
129,16387,1,4.21
129,19118,1,4.1
129,21849,1,4.14
129,24580,1,4.21
129,27311,1,4.18
129,30042,1,4.13
129,32773,1,4.13
129,35504,1,4.14
129,38235,1,4.14
129,40966,1,4.1
129,43697,1,4.03
129,46428,1,4.09
129,49159,1,4.09
129,51890,1,4.08
129,54621,1,4.22
129,57352,1,4.23
129,60083,1,4.12
129,62814,1,4.12
129,65535,1,4.14
129,1,33,3.72
129,2732,33,3.8
129,5463,33,3.81
129,8194,33,3.93
129,10925,33,3.98
129,13656,33,3.85
129,16387,33,3.84
129,19118,33,3.8
129,21849,33,3.69
129,24580,33,3.76
129,27311,33,3.81
129,30042,33,3.92
129,32773,33,3.95
129,35504,33,3.93
129,38235,33,3.87
129,40966,33,3.84
129,43697,33,3.79
129,46428,33,3.83
129,49159,33,3.85
129,51890,33,3.86
129,54621,33,3.99
129,57352,33,3.86
129,60083,33,3.85
129,62814,33,3.72
129,65535,33,3.75
129,1,65,3.3
129,2732,65,3.44
129,5463,65,3.42
129,8194,65,3.62
129,10925,65,3.61
129,13656,65,3.57
129,16387,65,3.5
129,19118,65,3.38
129,21849,65,3.3
129,24580,65,3.37
129,27311,65,3.44
129,30042,65,3.67
129,32773,65,3.78
129,35504,65,3.64
129,38235,65,3.5
129,40966,65,3.48
129,43697,65,3.38
129,46428,65,3.59
129,49159,65,3.49
129,51890,65,3.6
129,54621,65,3.82
129,57352,65,3.64
129,60083,65,3.52
129,62814,65,3.4
129,65535,65,3.39
129,1,97,2.91
129,2732,97,2.98
129,5463,97,3.25
129,8194,97,3.33
129,10925,97,3.52
129,13656,97,3.39
129,16387,97,3.29
129,19118,97,3.06
129,21849,97,2.88
129,24580,97,3.02
129,27311,97,3.13
129,30042,97,3.31
129,32773,97,3.5
129,35504,97,3.33
129,38235,97,3.25
129,40966,97,3.14
129,43697,97,3.04
129,46428,97,3.22
129,49159,97,3.37
129,51890,97,3.49
129,54621,97,3.62
129,57352,97,3.51
129,60083,97,3.2
129,62814,97,3.04
129,65535,97,2.98
129,1,129,2.61
129,2732,129,2.78
129,5463,129,2.94
129,8194,129,3.22
129,10925,129,3.36
129,13656,129,3.13
129,16387,129,3.01
129,19118,129,2.75
129,21849,129,2.53
129,24580,129,2.75
129,27311,129,2.85
129,30042,129,3.04
129,32773,129,3.29
129,35504,129,3.07
129,38235,129,2.87
129,40966,129,2.82
129,43697,129,2.68
129,46428,129,2.89
129,49159,129,3.07
129,51890,129,3.32
129,54621,129,3.64
129,57352,129,3.31
129,60083,129,2.99
129,62814,129,2.8
129,65535,129,2.73
129,1,161,2.45
129,2732,161,2.51
129,5463,161,2.67
129,8194,161,3.05
129,10925,161,3.32
129,13656,161,3.08
129,16387,161,2.72
129,19118,161,2.45
129,21849,161,2.21
129,24580,161,2.38
129,27311,161,2.58
129,30042,161,2.83
129,32773,161,3.02
129,35504,161,2.91
129,38235,161,2.63
129,40966,161,2.48
129,43697,161,2.25
129,46428,161,2.57
129,49159,161,2.82
129,51890,161,3.13
129,54621,161,3.39
129,57352,161,3.13
129,60083,161,2.79
129,62814,161,2.5
129,65535,161,2.43
129,1,193,2.16
129,2732,193,2.36
129,5463,193,2.46
129,8194,193,2.87
129,10925,193,3.2
129,13656,193,2.86
129,16387,193,2.6
129,19118,193,2.26
129,21849,193,1.86
129,24580,193,2.13
129,27311,193,2.23
129,30042,193,2.5
129,32773,193,2.89
129,35504,193,2.58
129,38235,193,2.36
129,40966,193,2.2
129,43697,193,2.01
129,46428,193,2.28
129,49159,193,2.63
129,51890,193,3.0
129,54621,193,3.3
129,57352,193,2.98
129,60083,193,2.6
129,62814,193,2.38
129,65535,193,2.28
129,1,225,2.04
129,2732,225,2.16
129,5463,225,2.48
129,8194,225,2.72
129,10925,225,3.15
129,13656,225,2.75
129,16387,225,2.34
129,19118,225,2.04
129,21849,225,1.64
129,24580,225,1.87
129,27311,225,2.02
129,30042,225,2.33
129,32773,225,2.63
129,35504,225,2.35
129,38235,225,2.18
129,40966,225,1.94
129,43697,225,1.77
129,46428,225,2.07
129,49159,225,2.44
129,51890,225,2.8
129,54621,225,3.26
129,57352,225,2.8
129,60083,225,2.44
129,62814,225,2.25
129,65535,225,2.12
129,1,255,2.01
129,2732,255,2.15
129,5463,255,2.38
129,8194,255,2.7
129,10925,255,3.07
129,13656,255,2.49
129,16387,255,2.16
129,19118,255,1.87
129,21849,255,1.54
129,24580,255,1.71
129,27311,255,2.01
129,30042,255,2.29
129,32773,255,2.77
129,35504,255,2.31
129,38235,255,2.0
129,40966,255,1.72
129,43697,255,1.52
129,46428,255,1.91
129,49159,255,2.34
129,51890,255,2.78
129,54621,255,3.22
129,57352,255,2.79
129,60083,255,2.43
129,62814,255,2.13
129,65535,255,2.06
161,1,1,5.23
161,2732,1,5.2
161,5463,1,5.26
161,8194,1,5.31
161,10925,1,5.34
161,13656,1,5.24
161,16387,1,5.34
161,19118,1,5.33
161,21849,1,5.26
161,24580,1,5.3
161,27311,1,5.25
161,30042,1,5.37
161,32773,1,5.35
161,35504,1,5.31
161,38235,1,5.28
161,40966,1,5.29
161,43697,1,5.29
161,46428,1,5.34
161,49159,1,5.27
161,51890,1,5.28
161,54621,1,5.23
161,57352,1,5.33
161,60083,1,5.25
161,62814,1,5.3
161,65535,1,5.32
161,1,33,4.65
161,2732,33,4.74
161,5463,33,4.78
161,8194,33,4.94
161,10925,33,4.95
161,13656,33,4.84
161,16387,33,4.87
161,19118,33,4.82
161,21849,33,4.68
161,24580,33,4.79
161,27311,33,4.92
161,30042,33,4.92
161,32773,33,5.05
161,35504,33,5.02
161,38235,33,4.98
161,40966,33,4.87
161,43697,33,4.83
161,46428,33,4.85
161,49159,33,4.9
161,51890,33,5.01
161,54621,33,5.16
161,57352,33,5.05
161,60083,33,4.87
161,62814,33,4.8
161,65535,33,4.72
161,1,65,4.1
161,2732,65,4.21
161,5463,65,4.34
161,8194,65,4.5
161,10925,65,4.64
161,13656,65,4.6
161,16387,65,4.41
161,19118,65,4.38
161,21849,65,4.22
161,24580,65,4.34
161,27311,65,4.5
161,30042,65,4.7
161,32773,65,4.83
161,35504,65,4.74
161,38235,65,4.58
161,40966,65,4.5
161,43697,65,4.29
161,46428,65,4.44
161,49159,65,4.56
161,51890,65,4.7
161,54621,65,4.8
161,57352,65,4.64
161,60083,65,4.45
161,62814,65,4.31
161,65535,65,4.11
161,1,97,3.62
161,2732,97,3.72
161,5463,97,3.99
161,8194,97,4.18
161,10925,97,4.49
161,13656,97,4.32
161,16387,97,4.19
161,19118,97,3.97
161,21849,97,3.76
161,24580,97,3.88
161,27311,97,4.08
161,30042,97,4.36
161,32773,97,4.55
161,35504,97,4.39
161,38235,97,4.21
161,40966,97,4.04
161,43697,97,3.87
161,46428,97,4.02
161,49159,97,4.2
161,51890,97,4.4
161,54621,97,4.61
161,57352,97,4.39
161,60083,97,4.04
161,62814,97,3.86
161,65535,97,3.59
161,1,129,3.25
161,2732,129,3.39
161,5463,129,3.59
161,8194,129,3.94
161,10925,129,4.33
161,13656,129,4.04
161,16387,129,3.89
161,19118,129,3.59
161,21849,129,3.31
161,24580,129,3.56
161,27311,129,3.7
161,30042,129,4.0
161,32773,129,4.3
161,35504,129,4.05
161,38235,129,3.81
161,40966,129,3.66
161,43697,129,3.46
161,46428,129,3.64
161,49159,129,3.95
161,51890,129,4.19
161,54621,129,4.44
161,57352,129,4.05
161,60083,129,3.8
161,62814,129,3.54
161,65535,129,3.24
161,1,161,2.95
161,2732,161,3.16
161,5463,161,3.36
161,8194,161,3.76
161,10925,161,4.16
161,13656,161,3.92
161,16387,161,3.59
161,19118,161,3.19
161,21849,161,2.91
161,24580,161,3.06
161,27311,161,3.31
161,30042,161,3.68
161,32773,161,4.05
161,35504,161,3.71
161,38235,161,3.42
161,40966,161,3.18
161,43697,161,2.98
161,46428,161,3.32
161,49159,161,3.68
161,51890,161,4.06
161,54621,161,4.3
161,57352,161,3.91
161,60083,161,3.45
161,62814,161,3.11
161,65535,161,2.92
161,1,193,2.72
161,2732,193,2.97
161,5463,193,3.18
161,8194,193,3.55
161,10925,193,4.07
161,13656,193,3.72
161,16387,193,3.27
161,19118,193,2.81
161,21849,193,2.5
161,24580,193,2.68
161,27311,193,3.01
161,30042,193,3.31
161,32773,193,3.81
161,35504,193,3.38
161,38235,193,3.09
161,40966,193,2.83
161,43697,193,2.61
161,46428,193,2.98
161,49159,193,3.38
161,51890,193,3.75
161,54621,193,4.15
161,57352,193,3.72
161,60083,193,3.27
161,62814,193,2.99
161,65535,193,2.69
161,1,225,2.52
161,2732,225,2.69
161,5463,225,2.97
161,8194,225,3.4
161,10925,225,3.98
161,13656,225,3.54
161,16387,225,3.06
161,19118,225,2.59
161,21849,225,2.17
161,24580,225,2.41
161,27311,225,2.6
161,30042,225,2.91
161,32773,225,3.57
161,35504,225,3.17
161,38235,225,2.83
161,40966,225,2.42
161,43697,225,2.21
161,46428,225,2.69
161,49159,225,3.13
161,51890,225,3.6
161,54621,225,4.12
161,57352,225,3.47
161,60083,225,3.02
161,62814,225,2.72
161,65535,225,2.5
161,1,255,2.51
161,2732,255,2.63
161,5463,255,2.95
161,8194,255,3.44
161,10925,255,4.07
161,13656,255,3.41
161,16387,255,2.87
161,19118,255,2.35
161,21849,255,1.98
161,24580,255,2.27
161,27311,255,2.49
161,30042,255,3.05
161,32773,255,3.67
161,35504,255,2.95
161,38235,255,2.54
161,40966,255,2.17
161,43697,255,2.1
161,46428,255,2.44
161,49159,255,2.94
161,51890,255,3.49
161,54621,255,4.2
161,57352,255,3.54
161,60083,255,2.95
161,62814,255,2.69
161,65535,255,2.4
193,1,1,6.47
193,2732,1,6.48
193,5463,1,6.34
193,8194,1,6.37
193,10925,1,6.44
193,13656,1,6.45
193,16387,1,6.37
193,19118,1,6.43
193,21849,1,6.41
193,24580,1,6.42
193,27311,1,6.42
193,30042,1,6.46
193,32773,1,6.46
193,35504,1,6.39
193,38235,1,6.47
193,40966,1,6.41
193,43697,1,6.41
193,46428,1,6.39
193,49159,1,6.46
193,51890,1,6.45
193,54621,1,6.37
193,57352,1,6.42
193,60083,1,6.4
193,62814,1,6.48
193,65535,1,6.32
193,1,33,5.73
193,2732,33,5.81
193,5463,33,5.79
193,8194,33,6.02
193,10925,33,6.06
193,13656,33,5.95
193,16387,33,5.84
193,19118,33,5.68
193,21849,33,5.49
193,24580,33,5.7
193,27311,33,5.86
193,30042,33,5.94
193,32773,33,6.07
193,35504,33,5.93
193,38235,33,5.78
193,40966,33,5.75
193,43697,33,5.77
193,46428,33,5.79
193,49159,33,5.9
193,51890,33,6.0
193,54621,33,6.16
193,57352,33,6.05
193,60083,33,5.94
193,62814,33,5.81
193,65535,33,5.71
193,1,65,4.98
193,2732,65,5.24
193,5463,65,5.42
193,8194,65,5.51
193,10925,65,5.76
193,13656,65,5.58
193,16387,65,5.3
193,19118,65,5.09
193,21849,65,4.89
193,24580,65,5.08
193,27311,65,5.27
193,30042,65,5.46
193,32773,65,5.68
193,35504,65,5.55
193,38235,65,5.43
193,40966,65,5.18
193,43697,65,5.04
193,46428,65,5.24
193,49159,65,5.51
193,51890,65,5.59
193,54621,65,5.76
193,57352,65,5.62
193,60083,65,5.46
193,62814,65,5.29
193,65535,65,5.1
193,1,97,4.49
193,2732,97,4.68
193,5463,97,4.89
193,8194,97,5.15
193,10925,97,5.5
193,13656,97,5.19
193,16387,97,4.82
193,19118,97,4.62
193,21849,97,4.32
193,24580,97,4.56
193,27311,97,4.77
193,30042,97,5.08
193,32773,97,5.43
193,35504,97,5.14
193,38235,97,4.9
193,40966,97,4.68
193,43697,97,4.49
193,46428,97,4.76
193,49159,97,4.94
193,51890,97,5.28
193,54621,97,5.6
193,57352,97,5.28
193,60083,97,4.94
193,62814,97,4.7
193,65535,97,4.43
193,1,129,4.02
193,2732,129,4.22
193,5463,129,4.52
193,8194,129,4.86
193,10925,129,5.25
193,13656,129,4.87
193,16387,129,4.44
193,19118,129,4.16
193,21849,129,3.86
193,24580,129,4.16
193,27311,129,4.33
193,30042,129,4.77
193,32773,129,5.19
193,35504,129,4.79
193,38235,129,4.48
193,40966,129,4.23
193,43697,129,4.06
193,46428,129,4.35
193,49159,129,4.65
193,51890,129,4.89
193,54621,129,5.36
193,57352,129,4.92
193,60083,129,4.61
193,62814,129,4.25
193,65535,129,4.04
193,1,161,3.62
193,2732,161,3.86
193,5463,161,4.19
193,8194,161,4.53
193,10925,161,5.1
193,13656,161,4.53
193,16387,161,4.12
193,19118,161,3.79
193,21849,161,3.37
193,24580,161,3.7
193,27311,161,3.97
193,30042,161,4.37
193,32773,161,4.87
193,35504,161,4.53
193,38235,161,4.16
193,40966,161,3.78
193,43697,161,3.68
193,46428,161,3.85
193,49159,161,4.33
193,51890,161,4.61
193,54621,161,5.2
193,57352,161,4.7
193,60083,161,4.22
193,62814,161,3.86
193,65535,161,3.62
193,1,193,3.29
193,2732,193,3.53
193,5463,193,3.91
193,8194,193,4.4
193,10925,193,4.9
193,13656,193,4.26
193,16387,193,3.81
193,19118,193,3.43
193,21849,193,2.97
193,24580,193,3.36
193,27311,193,3.64
193,30042,193,4.1
193,32773,193,4.76
193,35504,193,4.22
193,38235,193,3.73
193,40966,193,3.44
193,43697,193,3.19
193,46428,193,3.53
193,49159,193,4.03
193,51890,193,4.43
193,54621,193,5.09
193,57352,193,4.43
193,60083,193,3.94
193,62814,193,3.58
193,65535,193,3.28
193,1,225,3.03
193,2732,225,3.26
193,5463,225,3.63
193,8194,225,4.17
193,10925,225,4.81
193,13656,225,4.08
193,16387,225,3.51
193,19118,225,3.11
193,21849,225,2.68
193,24580,225,2.89
193,27311,225,3.38
193,30042,225,3.77
193,32773,225,4.55
193,35504,225,3.98
193,38235,225,3.42
193,40966,225,3.11
193,43697,225,2.84
193,46428,225,3.22
193,49159,225,3.71
193,51890,225,4.19
193,54621,225,4.87
193,57352,225,4.24
193,60083,225,3.65
193,62814,225,3.3
193,65535,225,3.08
193,1,255,2.88
193,2732,255,3.06
193,5463,255,3.6
193,8194,255,4.17
193,10925,255,4.92
193,13656,255,4.13
193,16387,255,3.41
193,19118,255,2.91
193,21849,255,2.48
193,24580,255,2.63
193,27311,255,3.15
193,30042,255,3.76
193,32773,255,4.7
193,35504,255,3.99
193,38235,255,3.34
193,40966,255,2.78
193,43697,255,2.64
193,46428,255,3.04
193,49159,255,3.68
193,51890,255,4.31
193,54621,255,4.96
193,57352,255,4.12
193,60083,255,3.51
193,62814,255,3.04
193,65535,255,2.9
225,1,1,8.04
225,2732,1,8.03
225,5463,1,7.95
225,8194,1,7.9
225,10925,1,7.87
225,13656,1,7.98
225,16387,1,7.95
225,19118,1,7.91
225,21849,1,7.87
225,24580,1,7.99
225,27311,1,7.87
225,30042,1,8.06
225,32773,1,7.94
225,35504,1,7.96
225,38235,1,7.9
225,40966,1,7.99
225,43697,1,8.02
225,46428,1,7.96
225,49159,1,7.98
225,51890,1,7.98
225,54621,1,8.03
225,57352,1,8.0
225,60083,1,7.97
225,62814,1,8.03
225,65535,1,8.01
225,1,33,7.02
225,2732,33,7.14
225,5463,33,7.29
225,8194,33,7.41
225,10925,33,7.51
225,13656,33,7.42
225,16387,33,7.26
225,19118,33,7.2
225,21849,33,7.0
225,24580,33,7.2
225,27311,33,7.3
225,30042,33,7.5
225,32773,33,7.61
225,35504,33,7.47
225,38235,33,7.42
225,40966,33,7.27
225,43697,33,7.18
225,46428,33,7.29
225,49159,33,7.43
225,51890,33,7.55
225,54621,33,7.57
225,57352,33,7.42
225,60083,33,7.3
225,62814,33,7.2
225,65535,33,7.03
225,1,65,6.24
225,2732,65,6.44
225,5463,65,6.6
225,8194,65,6.85
225,10925,65,7.1
225,13656,65,6.92
225,16387,65,6.71
225,19118,65,6.44
225,21849,65,6.31
225,24580,65,6.42
225,27311,65,6.61
225,30042,65,6.84
225,32773,65,7.1
225,35504,65,6.95
225,38235,65,6.77
225,40966,65,6.49
225,43697,65,6.33
225,46428,65,6.61
225,49159,65,6.8
225,51890,65,7.03
225,54621,65,7.25
225,57352,65,6.99
225,60083,65,6.72
225,62814,65,6.44
225,65535,65,6.21
225,1,97,5.45
225,2732,97,5.7
225,5463,97,6.07
225,8194,97,6.4
225,10925,97,6.8
225,13656,97,6.53
225,16387,97,6.21
225,19118,97,5.85
225,21849,97,5.48
225,24580,97,5.69
225,27311,97,6.04
225,30042,97,6.31
225,32773,97,6.73
225,35504,97,6.36
225,38235,97,6.1
225,40966,97,5.74
225,43697,97,5.54
225,46428,97,5.89
225,49159,97,6.21
225,51890,97,6.59
225,54621,97,6.89
225,57352,97,6.49
225,60083,97,6.16
225,62814,97,5.8
225,65535,97,5.53
225,1,129,4.83
225,2732,129,5.19
225,5463,129,5.61
225,8194,129,6.05
225,10925,129,6.5
225,13656,129,6.1
225,16387,129,5.62
225,19118,129,5.19
225,21849,129,4.83
225,24580,129,4.97
225,27311,129,5.35
225,30042,129,5.74
225,32773,129,6.3
225,35504,129,5.91
225,38235,129,5.59
225,40966,129,5.23
225,43697,129,4.98
225,46428,129,5.31
225,49159,129,5.67
225,51890,129,6.21
225,54621,129,6.56
225,57352,129,6.08
225,60083,129,5.58
225,62814,129,5.28
225,65535,129,4.96
225,1,161,4.27
225,2732,161,4.69
225,5463,161,5.15
225,8194,161,5.62
225,10925,161,6.26
225,13656,161,5.77
225,16387,161,5.15
225,19118,161,4.58
225,21849,161,4.22
225,24580,161,4.61
225,27311,161,4.9
225,30042,161,5.3
225,32773,161,6.07
225,35504,161,5.51
225,38235,161,5.08
225,40966,161,4.79
225,43697,161,4.38
225,46428,161,4.75
225,49159,161,5.26
225,51890,161,5.85
225,54621,161,6.35
225,57352,161,5.68
225,60083,161,5.22
225,62814,161,4.72
225,65535,161,4.35
225,1,193,3.87
225,2732,193,4.19
225,5463,193,4.73
225,8194,193,5.31
225,10925,193,6.03
225,13656,193,5.46
225,16387,193,4.74
225,19118,193,4.13
225,21849,193,3.77
225,24580,193,4.09
225,27311,193,4.5
225,30042,193,4.96
225,32773,193,5.84
225,35504,193,5.13
225,38235,193,4.6
225,40966,193,4.19
225,43697,193,3.91
225,46428,193,4.31
225,49159,193,4.81
225,51890,193,5.57
225,54621,193,6.12
225,57352,193,5.39
225,60083,193,4.72
225,62814,193,4.29
225,65535,193,3.86
225,1,225,3.54
225,2732,225,3.85
225,5463,225,4.35
225,8194,225,5.12
225,10925,225,5.87
225,13656,225,5.18
225,16387,225,4.38
225,19118,225,3.82
225,21849,225,3.3
225,24580,225,3.69
225,27311,225,4.04
225,30042,225,4.67
225,32773,225,5.57
225,35504,225,4.79
225,38235,225,4.21
225,40966,225,3.81
225,43697,225,3.45
225,46428,225,3.86
225,49159,225,4.46
225,51890,225,5.21
225,54621,225,6.02
225,57352,225,5.14
225,60083,225,4.41
225,62814,225,3.91
225,65535,225,3.55
225,1,255,3.44
225,2732,255,3.6
225,5463,255,4.17
225,8194,255,4.9
225,10925,255,5.88
225,13656,255,5.09
225,16387,255,4.26
225,19118,255,3.55
225,21849,255,3.12
225,24580,255,3.44
225,27311,255,3.94
225,30042,255,4.88
225,32773,255,5.77
225,35504,255,4.52
225,38235,255,3.95
225,40966,255,3.4
225,43697,255,3.22
225,46428,255,3.79
225,49159,255,4.44
225,51890,255,5.12
225,54621,255,5.81
225,57352,255,4.8
225,60083,255,4.17
225,62814,255,3.63
225,65535,255,3.33
255,1,1,9.24
255,2732,1,9.3
255,5463,1,9.22
255,8194,1,9.27
255,10925,1,9.36
255,13656,1,9.34
255,16387,1,9.3
255,19118,1,9.37
255,21849,1,9.28
255,24580,1,9.3
255,27311,1,9.32
255,30042,1,9.31
255,32773,1,9.37
255,35504,1,9.36
255,38235,1,9.32
255,40966,1,9.34
255,43697,1,9.27
255,46428,1,9.36
255,49159,1,9.28
255,51890,1,9.32
255,54621,1,9.39
255,57352,1,9.29
255,60083,1,9.35
255,62814,1,9.37
255,65535,1,9.31
255,1,33,8.29
255,2732,33,8.33
255,5463,33,8.49
255,8194,33,8.61
255,10925,33,8.74
255,13656,33,8.7
255,16387,33,8.56
255,19118,33,8.48
255,21849,33,8.32
255,24580,33,8.47
255,27311,33,8.65
255,30042,33,8.82
255,32773,33,9.0
255,35504,33,8.76
255,38235,33,8.73
255,40966,33,8.52
255,43697,33,8.49
255,46428,33,8.54
255,49159,33,8.67
255,51890,33,8.68
255,54621,33,8.83
255,57352,33,8.63
255,60083,33,8.47
255,62814,33,8.36
255,65535,33,8.22
255,1,65,7.12
255,2732,65,7.31
255,5463,65,7.62
255,8194,65,7.9
255,10925,65,8.32
255,13656,65,8.07
255,16387,65,7.9
255,19118,65,7.66
255,21849,65,7.49
255,24580,65,7.72
255,27311,65,7.95
255,30042,65,8.14
255,32773,65,8.67
255,35504,65,8.27
255,38235,65,8.12
255,40966,65,7.78
255,43697,65,7.59
255,46428,65,7.82
255,49159,65,7.98
255,51890,65,8.17
255,54621,65,8.38
255,57352,65,8.0
255,60083,65,7.81
255,62814,65,7.4
255,65535,65,7.11
255,1,97,6.33
255,2732,97,6.55
255,5463,97,6.93
255,8194,97,7.38
255,10925,97,7.89
255,13656,97,7.61
255,16387,97,7.33
255,19118,97,6.98
255,21849,97,6.56
255,24580,97,6.9
255,27311,97,7.24
255,30042,97,7.63
255,32773,97,8.09
255,35504,97,7.64
255,38235,97,7.35
255,40966,97,6.97
255,43697,97,6.7
255,46428,97,7.1
255,49159,97,7.36
255,51890,97,7.68
255,54621,97,8.06
255,57352,97,7.49
255,60083,97,7.06
255,62814,97,6.62
255,65535,97,6.29
255,1,129,5.51
255,2732,129,5.78
255,5463,129,6.36
255,8194,129,6.9
255,10925,129,7.52
255,13656,129,7.08
255,16387,129,6.68
255,19118,129,6.3
255,21849,129,5.76
255,24580,129,6.12
255,27311,129,6.54
255,30042,129,7.0
255,32773,129,7.69
255,35504,129,7.11
255,38235,129,6.73
255,40966,129,6.3
255,43697,129,5.94
255,46428,129,6.38
255,49159,129,6.79
255,51890,129,7.11
255,54621,129,7.63
255,57352,129,6.99
255,60083,129,6.52
255,62814,129,5.9
255,65535,129,5.59
255,1,161,4.94
255,2732,161,5.24
255,5463,161,5.86
255,8194,161,6.48
255,10925,161,7.23
255,13656,161,6.78
255,16387,161,6.2
255,19118,161,5.57
255,21849,161,5.08
255,24580,161,5.43
255,27311,161,5.9
255,30042,161,6.47
255,32773,161,7.32
255,35504,161,6.57
255,38235,161,6.1
255,40966,161,5.67
255,43697,161,5.25
255,46428,161,5.69
255,49159,161,6.32
255,51890,161,6.74
255,54621,161,7.42
255,57352,161,6.63
255,60083,161,5.97
255,62814,161,5.29
255,65535,161,4.89
255,1,193,4.33
255,2732,193,4.85
255,5463,193,5.33
255,8194,193,6.15
255,10925,193,7.07
255,13656,193,6.4
255,16387,193,5.7
255,19118,193,5.01
255,21849,193,4.44
255,24580,193,4.88
255,27311,193,5.45
255,30042,193,6.02
255,32773,193,6.95
255,35504,193,6.25
255,38235,193,5.54
255,40966,193,5.03
255,43697,193,4.63
255,46428,193,5.17
255,49159,193,5.8
255,51890,193,6.48
255,54621,193,7.16
255,57352,193,6.21
255,60083,193,5.4
255,62814,193,4.84
255,65535,193,4.43
255,1,225,4.0
255,2732,225,4.46
255,5463,225,5.01
255,8194,225,5.85
255,10925,225,6.74
255,13656,225,6.09
255,16387,225,5.22
255,19118,225,4.56
255,21849,225,4.02
255,24580,225,4.31
255,27311,225,4.9
255,30042,225,5.64
255,32773,225,6.81
255,35504,225,5.89
255,38235,225,5.07
255,40966,225,4.54
255,43697,225,4.18
255,46428,225,4.65
255,49159,225,5.29
255,51890,225,6.22
255,54621,225,6.93
255,57352,225,5.96
255,60083,225,4.99
255,62814,225,4.43
255,65535,225,4.01
255,1,255,3.91
255,2732,255,4.13
255,5463,255,4.8
255,8194,255,5.56
255,10925,255,6.77
255,13656,255,5.89
255,16387,255,5.07
255,19118,255,4.38
255,21849,255,3.74
255,24580,255,4.02
255,27311,255,4.85
255,30042,255,5.69
255,32773,255,6.83
255,35504,255,5.49
255,38235,255,4.72
255,40966,255,4.14
255,43697,255,3.89
255,46428,255,4.37
255,49159,255,5.12
255,51890,255,6.04
255,54621,255,6.9
255,57352,255,5.75
255,60083,255,4.79
255,62814,255,4.23
255,65535,255,3.94
